fname,summary
test_0,  Ms. Dawson은 #Person1# 에게 사내 메모를 작성하고 배포하라고 요청합니다.                          
test_1, #Person2# 는 #Person1# 에게 교통체증으로 인해 대중교통으로 출퇴근하는 것이 더 나은 선택이라고 말합니다. #Person2# 은 출근할 때 차를 타지 않고 자전거로 출근하자고 제안합니다.         
test_2,"  Kate는 Masha와 Hero가 이혼했다고 #Person1# 에게 말합니다. 그들은 두 달 동안 별거 중이었지만, 결국 이혼을 했습니다.               "
test_3, #Person1# 은 Brian의 생일을 축하하기 위해 선물로 목걸이를 준다.                              
test_4, #Person1# 과 #Person2# 는 올림픽 공원의 크기에 대해 이야기합니다. #Person1# 은 전체 스타디움의 좌석이 5000석이라고 설명합니다.                     
test_5," #Person1# 은 #Person2# 에게 사업 계획서를 작성하고 투자자를 모으는 것이 어렵다고 말합니다. #Person1# 는 사업 계획을 설명하고 사업 아이디어를 요약한 부분이 포함되어야 하며, 상품이나 서비스를 소개하고 설명해야 한다고 설명합니다.    "
test_6, #Person1# 은 수두에 걸렸습니다. #Person2# 는 #Person1# 에게 가까이 오지 말라고 경고합니다.                            
test_7, #Person2# 는 #Person1# 에게 세탁 서비스 요금에 추가된 30달러를 청구했습니다. #Person2# 은 관련 부서에 확인해보겠다고 했습니다.                    
test_8,"  스티븐은 비서와 바람피운 것을 알게 되어 #Person1# 에게 이혼을 설득하려고 하지만, #Person2# 는 이를 거절합니다.                      "
test_9, #Person2# 는 #Person1# 에게 아브라함 링컨과 평등한 권리를 위해 싸운 용기를 존경한다고 말합니다.                         
test_10," #Person2# 는 #Person1# 에게 중국 북부에 6급 강풍이 불고 있으며, 황사가 호흡기 감염을 유발한다고 설명합니다.                      "
test_11," #Person1# 은 Francis의 생일 파티에 원격 조종 자동차 모델을 초대하고, #Person2# 는 그 차를 매우 마음에 들어한다.                     "
test_12,  Steven은 Tony에게 부정행위를 한 것이 부끄러운 일이라고 말한다. Tany는 자신이 잘못한 것을 후회하며 열심히 공부하라고 조언한다.              
test_13,  톰은 9시 30분 기차를 타야 해서 늦었습니다. #Person1# 은 역이 가까워 20분도 걸리지 않는다고 설명합니다.                      
test_14, #Person1# 은 #Person2# 에게 자신의 삶을 어떻게 조정해야 할지 조언을 구합니다.                                
test_15," #Person1# 이 #Person2# 에게 Ruojia의 결혼 소식을 전하고, #Person1# 은 그녀의 트위터에서 그 소식을 들었다고 말합니다. 그들은 다기 세트를 구매할 예정입니다.           "
test_16," #Person1# 은 #Person2# 에게 스트립을 잡아당기고, 뒷면을 떼어내라고 제안합니다. #Person1# 는 셔츠를 입고, 할머니들을 보며, 할머니들의 사진을 보여주며 대화를 나눕니다.       "
test_17, #Person1# 은 #Person2# 에게 자신의 여동생에 대해 이야기합니다.                                   
test_18, #Person2# 는 머리가 아파서 #Person1# 에게 체온을 재달라고 요청합니다.                                
test_19," #Person2# 는 새 휴대폰을 사고 싶어하며, #Person1# 은 카메라와 MP3 플레이어가 있는 모델을 추천합니다.                          "
test_20,"  주디는는 프랭크에게 우체국에서 일하게 된 이유를 설명한다. 그는 직원들에게 좋은 건강보험 혜택을 제공하고, 가족들도 무료로 의료 서비스를 받을 수 있다고 말한다.              "
test_21, #Person2# 는 #Person1# 에게 컴퓨터 프로그램을 작성하고 비서 업무를 잘할 수 있는 특별한 기술과 IBM-PC에 대한 경험이 있다고 설명합니다.                    
test_22," #Person1# 은 미디엄 레어 스테이크를 주문하려 했으나, #Person2# 가 너무 익고 질긴 것 같다고 하자 #Person1# 이 다른 음식을 가져다 주기로 했습니다.            "
test_23, #Person1# 은 #Person2# 의 소설이 노벨상을 받았다는 소식을 듣고 기뻐합니다.                                 
test_24, #Person2# 는 #Person1# 에게 자신이 학생 엔지니어로서 다양한 재료의 기계적 강도와 부식 저항성에 대해 연구했다고 설명합니다.                     
test_25," #Person2# 는 일주일에 두세 번 술을 마십니다. #Person1# 은 램 바 & 그릴에서 피처 프로모션을 제안하고, #Person2# 은 이를 수락합니다.              "
test_26," #Person1# 은 메이에게 소풍을 준비하는 것을 도와달라고 요청합니다. 메이는 냅킨과 일회용 접시, 컵, 소풍용 담요를 준비했고, 다니엘은 토스트와 치킨 윙을 준비했습니다.   "
test_27,  James와 Muriel Douglas는 새 계정에 대해 이야기합니다. 그들은 크리스마스를 맞아 Tahoe에서 스키를 타러 갔습니다. Susan은 조만간 다시 방문하고 싶어합니다. 
test_28, #Person1# 은 #Person2# 에게 돈을 인출하기 위해 유니버설 은행에 전화하여 카드를 제거해 달라고 요청합니다.                        
test_29, #Person2# 는 #Person1# 에게 직장 동료들과의 대화에서 가장 중요한 것은 진심이라고 말합니다.                             
test_30, #Person1# 은 Mr. Polly에게 가게에서 한 병의 음료수를 사달라고 요청합니다.                           
test_31,  프랜시스와 모니카는 재무 보고서를 작업하기 위해 금요일 오후에 만나기로 했습니다.                            
test_32," #Person1# 과 #Person2# 는 다음 주 인터뷰를 준비하기 위해 워크숍에 참가합니다. #Person1# 은 깔끔하고 적절하게 옷을 입는 것이 중요하다고 생각하며, 태도와 친절함을 강조합니다.             "
test_33,  Mike는 컷에게 Jason과 Laura의 반응에 대해 묻습니다. 컷은 자신의 방식대로 한 번 해보고 대사를 할 때 어떻게 느끼는지 봅니다.        
test_34," #Person1# 은 Mrs. Todd에게 쇼핑을 가자고 초대했지만, Mirsa는 아내가 먼저 방문해야 한다고 말합니다.                   "
test_35,"  빌은 이번 주에 매일 밤 열 시까지 일했고, 오늘은 퇴근 시간에 집에 가서 쉬도록 했습니다. #Person1# 의 형은 아직 돌아오지 않았으며, #Person2# 는 친구를 5시 정각에 만나 시간을 확인하려고 합니다.   "
test_36,"  Simon은 핵무기 확산을 막는 시위에 참석할 예정이다. #Person1# 은 시위가 정치인들의 생각을 바꾸었다고 생각하지만, #Person2# 는 자신의 신념을 지키며 평화로운 시위를 이끌 것이라고 생각한다.    "
test_37, #Person1# 은 #Person2# 에게 누군가가 문을 두드리며 '전기'나 '가스'라고 하면 괜찮다고 생각한다고 말합니다.                      
test_38," #Person1# 은 Maggie에게 도서관에서 노트를 복사해달라고 요청합니다. Mark는 수업 때문에 노트가 필요하고, #Person1# 는 깨어 있을 사람이 필요하다고 설명합니다.          "
test_39, #Person1# 은 Turner 교수님의 지질학 고급 과목 등록을 도와줍니다.                             
test_40, #Person1# 은 #Person2# 에게 펜던트를 교환해 달라고 요청합니다.                                 
test_41, #Person1# 은 #Person2# 에게 이모가 준 스웨터와 새 옷에 대해 이야기합니다. #Person1# 는 셔츠를 환불하고 세일 끝날 때까지 돌아오지 않기를 바랍니다.           
test_42, #Person1# 은 #Person2# 에게 미디어 업계에서 일하는 것이 재미있을 것 같다고 말합니다. #Person1# 는 잡지에 글을 쓰는 것을 제안합니다.                   
test_43, #Person1# 과 #Person2# 는 데일리 뉴스에서 일하고 있습니다. #Person1# 은 지루해하지만 여기 있는 것이 중요하다고 생각합니다. 그들은 음악을 듣거나 게임 섹션을 읽어보기로 합니다.             
test_44,  사라는 #Person1# 에게 도시 중심에서 멀리 떨어진 집을 사는 것이 비용을 절약할 수 있다고 제안합니다. #Person2# 는 집이 아주 오래된 것이므로 더 저렴한 집을 찾는 것이 좋다고 생각합니다.          
test_45,  Mark Leach는 영국 관광청의 관광 사무소에서 정보 담당관으로 일하며 방문객들에게 13개의 언어로 관광 정보를 제공합니다. 그는 런던에서의 당일 여행과 2주간 여행 계획에 대해 #Person1# 에게 제안합니다. 
test_46,"  Lin Fang은 #Person1# 에게 다음 수업이 영어야 한다고 말합니다. #Person2# 는 수학이 가장 좋아하는 과목이라고 말하고, Lucy는 중국어와 과학을 좋아한다고 합니다.       "
test_47,  James는 Mrs. Thomas에게 집의 낙엽과 쓰레기를 치우고 산책할 수 있도록 도와달라고 요청합니다.                 
test_48," #Person1# 과 #Person2# 는 봄이 왔다고 생각하지만, 밤에는 여전히 너무 추워 아파트가 얼어붙을 것 같다고 생각한다.                    "
test_49,"  Mike는 컷에게 Jason과 Laura의 반응이 화와 슬픔이 동시에 나와야 한다고 생각하지만, 컷은 자신의 방식대로 해보라고 제안합니다.           "
test_50," #Person1# 은 #Person2# 에게 프렌드쉽 호텔로 가는 택시를 요청하고, 요금은 미터기에 15위안입니다.                      "
test_51, #Person1# 은 다른 버스를 타야 해서 #Person2# 에게 환승권을 요청합니다.                              
test_52," #Person2# 는 #Person1# 에게 시내에서 차로 15분 거리에 있으며, 7층과 7층을 사용하고 있다고 설명합니다.                         "
test_53," #Person1# 은 #Person2# 에게 Lulu가 Vic과 헤어졌고, 전근 신청까지 했다고 말합니다.                         "
test_54,  데이브 톰슨은 샐리에게 짐이 아직 돌아오지 않았다고 알립니다.                              
test_55," #Person1# 이 #Person2# 에게 시청 가는 길을 안내합니다. #Person1# 은 세 블록 걸어서 센터 스트리트로 좌회전하고, 두 블록 더 걸어가면 왼쪽에 시청이 보일 것이라고 설명합니다.       "
test_56," #Person1# 은 여권을 잃어버려 #Person2# 에게 도움을 요청합니다. #Person1# 는 백화점의 신발 코너에서 여권이 발견되지 않았다고 설명하며, 대사관에 상황을 알리고 새 여권 발급을 위해 연락할 것을 제안합니다.    "
test_57,"  Nathaniel은 Ms. Collins에게 전화를 걸어 죄송하다고 전했지만, Mr. Liu는 다른 사람과 약속을 잡으라고 요청했습니다.          "
test_58, #Person1# 과 #Person2# 는 Dick의 결혼 계획에 대해 이야기하고 있다.                                
test_59," #Person1# 과 #Person2# 는 파티에서 만난 금발 여자에 대해 이야기하고 있습니다. #Person1# 은 그녀에게 말 걸어보라고 제안하지만, Janice는 거절합니다. 결국 그들은 한 잔 더 마시기로 합니다.      "
test_60," #Person1# 은 Jack에게 이번 학기 정치학 수업에 대해 묻고, #Person2# 는 비즈니스 커뮤니케이션 수업을 가장 좋아한다고 말합니다.                    "
test_61, #Person1# 과 #Person2# 는 베이징의 날씨에 대해 이야기합니다. #Person1# 은 어젯밤에 폭풍우가 있었고 밤에는 비가 왔다고 말합니다. 그들은 봄이 따뜻하고 짧다고 생각합니다.         
test_62," #Person1# 은 #Person2# 에게 공포 영화 대신 탐정 영화를 보자고 제안하지만, #Person1# 는 로맨스는 지루하다고 느낍니다. 결국 그들은 전쟁 영화를 보러 가기로 결정합니다.            "
test_63,"  Adam은 #Person1# 에게 학교의 가장 높은 건물과 도서관, 그리고 수영장에 대해 설명한다.                          "
test_64, #Person1# 과 #Person2# 는 임신 소식을 듣고 기뻐합니다.                                                    
test_65, #Person1# 과 #Person2# 는 John이 일주일에 일곱 번 그녀와 데이트를 한다고 생각합니다.                                         
test_66," #Person1# 은 #Person2# 에게 소프트웨어와 그림 그리기 프로그램을 추가하고, 빠른 프로세서, 더 강력한 하드 디스크, 더 많은 메모리, 더 빠른 모뎀, CD-ROM 드라이브를 추가하라고 제안합니다.                   "
test_67,"  Que bien은 중국 출장으로 인해 #Person1# 에게 전화를 걸었습니다. #Person2# 는 자신의 나이를 묻지 않았습니다. 그녀는 해외에서 사업을 하고 있으며, 콜롬비아 출신입니다.                        "
test_68, #Person1# 은 #Person2# 에게 다이어트를 시도해보라고 권유합니다. #Person1# 는 운동 수업에 가보라고 제안합니다.                                      
test_69, #Person1# 은 James에게 식당 홀의 창가 자리를 안내합니다.                                                
test_70," #Person1# 은 #Person2# 에게 공장의 크기를 설명하며, 곧 50주년을 맞이할 것이라고 말합니다.                                          "
test_71,  Rebecca는 대학 졸업 후 첫 직장으로 York Herald라는 지역 신문에서 인턴으로 시작하여 주니어 로컬 뉴스 리포터로 자리를 옮겼다고 #Person1# 에게 설명합니다.                
test_72," #Person1# 은 #Person2# 에게 조별 발표를 위해 문구점에 가야 하며, 쇼핑 리스트를 작성하고 필요한 물건을 사러 가자고 제안합니다. #Person1# 는 선반에 표시판이 있어 원하는 물건을 찾을 수 있다고 말합니다.                   "
test_73,"  Mary는 #Person1# 에게 인터넷으로 취직 지원 방법을 설명하고, 공식적인 사이트에 접속하는 것을 추천합니다.                                     "
test_74," #Person2# 는 #Person1# 에게 쇼핑 예산을 짜고 있으며, 한 달에 300달러를 지출해야 한다고 설명합니다.                                         "
test_75,  Henry는 Jane에게 병원에 가려면 7번 버스를 타야 한다고 설명한다.                                         
test_76, #Person1# 은 #Person2# 에게 내년 판매 예측에 대해 이야기하기 위해 수요일 오전에 만나기로 했습니다. #Person1# 는 셔츠의 스프레드시트를 사용하기 어려워서 다음 주 화요일 오후 2시 30분에 만날 예정입니다.               
test_77, #Person2# 는 #Person1# 에게 '뉴욕에서의 친구'라는 개인 관광 안내 서비스가 예산에 맞춰 완벽한 여행 일정을 만들어준다고 설명합니다.                                    
test_78,"  Mr. Jackson은 #Person1# 에게 자신의 회사에 대해 설명합니다. #Person2# 는 영업부에서 일하며 월 2,000 위안을 받고 있으며, 수당과 보너스를 포함하여 한 달에 약 3,000위안을 받는다고 말합니다. 그는 3개월 후에 업무 평가에 따라 인상될 예정입니다. "
test_79," #Person1# 은 계약서에 서명하기 위해 왔고, #Person2# 는 계약서 초안을 검토한 후 #Person1# 에게 사본을 요청합니다.                                   "
test_80, #Person1# 이 #Person2# 에게 ABC 렌터카가 국경 근처에서 사고를 당했다고 알립니다.                                         
test_81, #Person1# 은 #Person2# 에게 학교 보건실로 가는 길을 안내합니다.                                                 
test_82," #Person2# 는 #Person1# 에게 짐 엘리베이터 소음으로 인해 방을 바꾸고 싶어 하지만, #Person2# 가 내일 아침에 떠나면 고르기를 원합니다.                                 "
test_83," #Person1# 은 #Person2# 의 짐을 트렁크에 넣고, 베이징 호텔에 도착하여 휴식을 취할 예정입니다. #Person1# 는 Mr. Wu를 저녁 연회에 초대하고 싶어합니다.                         "
test_84, #Person1# 은 길을 잃었습니다. #Person2# 는 #Person1# 에게 유이창으로 가는 길을 안내합니다.                                         
test_85, #Person1# 은 컴퓨터가 멈춰서 #Person2# 에게 도움을 요청합니다. #Person1# 는 수리공에게 전화해 문제를 해결할 것을 제안합니다.                                    
test_86, #Person2# 는 #Person1# 에게 어머니 생신 선물로 금색 시계와 숫자가 크고 명확한 새 시계를 추천합니다.                                      
test_87," #Person1# 은 Ms. Ross에게 전화를 걸어 뉴질랜드에 지점을 열 계획이라고 알립니다. Mr. Fisher는 #Person1# 에게 발표 날짜와 시간, 그리고 음료와 스낵 뷔페 준비에 대해 설명합니다.            "
test_88," #Person2# 는 #Person1# 에게 러시아와 캐나다의 차이점에 대해 설명합니다. 러시아에서는 모든 것이 빠르게 진행됩니다. 반면 캐나다에서는 은행 가는 데 몇 시간이 걸리며, 공공 서비스는 여전히 느려집니다. #Person2# 은 캐나다 사람들이 일반적으로 러시아 사람들보다 더 차분하다고 생각합니다.      "
test_89," #Person2# 는 #Person1# 에게 카리브해로 여행을 가자고 제안하지만, 날씨가 좋지 않아 고민 중입니다.                                        "
test_90, #Person1# 은 #Person2# 에게 소풍에 가져갈 과일을 설명합니다.                                               
test_91, #Person1# 은 #Person2# 에게 경제형 차량 렌트 비용을 지불하고 운전면허증을 제시합니다.                                          
test_92, #Person1# 은 #Person2# 에게 무표정한 사람들 때문에 불편함을 느낀다고 말합니다.                                             
test_93, #Person1# 과 #Person2# 는 작년 판매 실적에 대해 이야기하고 있습니다. #Person1# 은 Wallace가 사장이 된 이후로 회사 성과가 좋아졌다고 말합니다. 그들은 새로운 광고 캠페인을 통해 판매자가 되었습니다.                       
test_94," #Person2# 가 가방을 도난당했고, #Person1# 은 #Person2# 에게 돈을 빌려달라고 요청합니다.                                          "
test_95,"  Lin은 Steven에게 베이징에 오면 한턱 내기로 하고, 중국에서는 계산서에 서비스 요금을 추가하지만 팁은 일반적이지 않다고 설명한다.                             "
test_96,  Brain Locker는 빌에게 룸메이트와 헤어졌다고 말한다. 빌은 #Person1# 에게 Briain의 외모에 대해 설명한다.                   
test_97,  Tom Wilson이 호텔에서 4박 동안 식사 요금을 신용카드로 결제했습니다.                                   
test_98,  수잔은 캐롤에게 샤워 중이라 중요한 전화인지 물어볼 수 없다고 말합니다. 카롤라이트는 #Person1# 에게 내일 밤 8시 반에 질의 집에서 디저트를 가져오라고 요청합니다.          
test_99, #Person1# 은 #Person2# 에게 Common Fitness Gym에서 일하며 팝콘과 음료수를 파시던 경험을 이야기합니다.                      
test_100," #Person1# 과 #Person2# 는 트럼프에 대한 믿음에 대해 이야기합니다. #Person1# 은 그가 미국을 다시 위대하게 만들 것이라고 믿지만, 그 믿음에는 동의하지 않습니다.                   "
test_101, #Person1# 은 ATM 사용 방법을 몰라 #Person2# 에게 도움을 요청합니다.                                      
test_102,  John은 수잔 밀러에게 사무실 절차에 관한 메모를 전달하기 위해 전화를 걸었다.                               
test_103,"  Lily는 #Person1# 에게 소풍을 제안하며, 편한 옷과 걷기 좋은 신발을 준비하겠다고 한다.                             "
test_104, #Person2# 는 #Person1# 에게 중국 연회에서 젓가락을 사용하는 방법과 중국 식탁에서 지켜야 할 규칙에 대해 설명합니다.                           
test_105,"  Mary와 Frank는 서로 좋아하는 영화 장르에 대해 이야기한다. 그들은 영화 대여점에서 영화를 빌리며, 거의 모든 신작을 찾을 수 있다.                      "
test_106," #Person2# 는 #Person1# 에게 녹색당에 가입할지 고민한 적이 없다고 말합니다. #Person2# 은 정치에 대해 잘 알지 못하며, 미디어가 정치 사건을 자주 보도한다고 설명합니다.                 "
test_107," #Person1# 은 Wilson 씨에게 사과하고, 두 번째 문제에 대해 사과합니다.                                     "
test_108, #Person2# 는 #Person1# 에게 강도 사건을 목격했다고 말합니다. #Person2# 은 경찰서에 와달라고 요청합니다.                                
test_109, #Person1# 은 #Person2# 에게 아빠가 엄마와 외식하러 가셨다고 말합니다. 아빠는 저녁을 함께 해결해야 합니다.                            
test_110, #Person1# 은 새해 결심으로 다이어트를 하기로 했습니다. #Person2# 는 #Person1# 에게 정크푸드를 끊고 과자를 끊을 것이라고 말합니다.                       
test_111,  Karen Huang은 터치톤 등록 시스템을 통해 Comp Lit 287 수업에 등록하려고 했으나 컴퓨터가 승인하지 않습니다. #Person1# 은 #Person2# 에게 전화 등록 시 코드 번호 및 사용법 안내를 제공합니다.   
test_112, #Person1# 은 우산을 쓰고 가든 호텔로 가는 길을 #Person2# 에게 안내합니다.                                    
test_113,  Daisy가 Jack을 새로운 차에 태워준다.                                      
test_114, #Person1# 은 #Person2# 에게 큰불이 밤에 일어났다고 설명합니다.                                        
test_115," #Person1# 은 #Person2# 에게 현금 900위안을 계산하도록 도와주고, #Person1# 의 신용카드로 계산할 수 있도록 도와줍니다.                         "
test_116, #Person2# 는 일반 세차 패키지를 원합니다. #Person1# 은 #Person2# 에게 특별한 샴푸와 진공청소기로 차량의 먼지를 제거하고 쓰레기를 버린다고 설명합니다.               
test_117,"  해리는 아내와 함께 이집트로 휴가를 갈 계획이다. #Person1# 은 해리에게 배로 갈지, 비행기로 갈지를 묻고, 해리가 이에 대해 확신하지 못한다고 말한다.                "
test_118,"  Johnson은 새로운 회원으로서 #Person1# 에게 웨이트 사용법을 설명합니다. 그는 스트레칭을 잘하고, 워밍업과 진도를 추적할 수 있으며, 멤버십 카드를 준비합니다. 또한 기계를 하나하나 보여주며 시작 무게를 정해줍니다. "
test_119," #Person2# 는 실직 중이며, #Person1# 은 #Person2# 에게 전기 기술자 프로그램에 지원할 수 있는지 알아보자고 제안한다.                            "
test_120," #Person1# 은 #Person2# 에게 강아지들에게 밥을 주고, 목욕도 시켜주기로 했습니다.                                  "
test_121, #Person1# 은 집주인 아주머니께 받은 200달러 빚에 대해 #Person2# 에게 도움을 요청합니다. #Person1# 는 월요일에 월급이 들어올 때까지 돈을 빌리기로 합니다.                  
test_122, #Person2# 는 #Person1# 에게 두 달 동안 자선 단체에서 일한 경험과 사회 활동이 #Person2# 의 사고방식에 영향을 미쳤다고 말합니다.                       
test_123, #Person2# 는 #Person1# 에게 연락하여 결과를 기다리도록 요청합니다.                                       
test_124, #Person1# 은 #Person2# 에게 모우탄과 베이징 오리 구이를 추천합니다.                                     
test_125,  Dan은 Angela에게 전화를 걸어 다음 주에 결혼한다고 알린다. 그들은 Megan을 데리러 가기로 한다.                      
test_126, #Person1# 은 #Person2# 에게 이탈리아 티라미수와 튀긴 바나나를 사다달라고 요청합니다.                                
test_127,  Smith 씨는 #Person1# 에게 예일 대학교에서 경제학을 전공했다고 설명합니다. 그는 지난 5년간 은행에서 일하며 주당 500달러를 받았습니다.                     
test_128, #Person1# 은 조카에게 줄 선물로 디지털 바비를 구매하려고 합니다. #Person2# 는 세금 포함 총 $32.42를 지불하고 현금으로 결제합니다.                         
test_129, #Person2# 는 #Person1# 에게 41 사이즈 조던 운동화를 구매합니다.                                        
test_130," #Person2# 는 과학박물관에 가고 싶어 하지만, #Person1# 은 기차를 타야 한다고 말합니다. #Person2# 가 과학박물관 가는 길을 안내해 줍니다.                         "
test_131,"  사이먼은 #Person1# 에게 '단계적 은퇴'라고 불리는 제도에 참여하고 있으며, 6개월 동안 일을 쉬고 이전의 회사에서 프로젝트 업무에 지원할 수 있게 되었다고 설명합니다. 또한 회사 웹사이트에 구인 정보를 게시하고 다양한 업무가 게시된다고 말합니다.    "
test_132,  Rocky는 #Person1# 에게 여자 지식인 타입이 아니라 다정하고 필요를 채워주는 여자가 좋다고 말합니다. #Person2# 는 Rusty에게 안부 전해달라고 요청합니다.              
test_133," #Person1# 은 #Person2# 에게 어젯밤 폭풍으로 창문 몇 개가 부서졌고, 큰 나무가 부러졌다고 말합니다. #Person1# 는 날씨가 끔찍하다고 느낍니다.                    "
test_134, #Person1# 은 #Person2# 에게 TV를 시청하는 것이 지루하다고 말합니다. 그들은 함께 할 수 있는 활동을 논의하기로 합니다.                               
test_135,"  Ben은 #Person1# 에게 새 학교 생활에 적응하기 위해 내일 수업을 준비 중이라고 말합니다. #Person2# 는 수업 시간과 쉬는 시간, 먹을 것에 대해 설명합니다.                     "
test_136,  Adam은 무릎이 좋지 않다. #Person1# 은 #Person2# 에게 미시간이 아이오와를 이긴 후 미시간과의 경기를 보고 싶다고 말한다.                     
test_137, #Person1# 은 #Person2# 에게 프린트를 부탁합니다.                                             
test_138, #Person1# 이 커튼을 달기 위해 #Person2# 에게 도움을 요청합니다.                                        
test_139,"  Jack은 #Person1# 에게 주말 캠핑을 계획 중이며, 달력을 확인하려고 합니다.                                    "
test_140, #Person1# 은 #Person2# 에게 임신 소식을 전합니다. #Person1# 이 임신 사실을 알게 된 후 임신한 것 같다고 말합니다.                              
test_141, #Person2# 는 #Person1# 에게 딸이 십대 때 흔히 있는 일이라며 조언을 구합니다.                                     
test_142, #Person1# 은 #Person2# 에게 한 번의 실수로 일자리를 잃으면 생계 유지에 어려움을 겪을 수 있다고 말합니다. 그들은 아파트 계약이 다음 달 만료되면 다른 일자리를 찾을 때까지 함께 살기로 합니다.               
test_143," #Person2# 는 #Person1# 에게 자신의 친구가 에딘버러 대학의 박사과정 학생이라고 말하며, 그 친구가 자신의 실험실에서 강연을 할 예정이라고 전합니다. #Person2# 의 강연은 멀티모달 텍스트 생성에 관한 것입니다.           "
test_144," #Person1# 은 John의 집에 가고 싶어 하지만, #Person2# 는 감기에 걸렸다고 생각하여 집에서 쉬고 싶어 한다.                              "
test_145,  파버 Mr. Faber는 요크 호텔에 전화하여 7월 23일까지 더블 룸을 예약합니다.                               
test_146," #Person1# 은 #Person2# 에게 웨스트 더비를 추천하고, 플랫을 추천합니다. 그들은 친구 John Godfrey의 전화번호를 교환합니다.                      "
test_147, #Person1# 은 #Person2# 에게 과속하지 않았다면 더 빠른 길을 알 수 있었을 것이라고 말한다. #Person1# 는 셔츠가 너무 늦어서 그런 것이라고 생각한다.                      
test_148,"  Dan은 9월 10일에 100대 컴퓨터 주문 건에 대해 확인하려고 전화했으나, 공장에 인력이 부족하여 2일 지연되었습니다. #Person1# 은 Darlene에게 전화번호를 요청하고 Steve에게 연락할 것입니다.        "
test_149," #Person1# 은 #Person2# 에게 워싱턴 포스트 신문의 사본을 보여주며, 워싱턴 포스트는 1877년 12월에 Stilson Hutchins가 창간되었다고 설명합니다.                "
test_150, #Person1# 은 #Person2# 에게 컴퓨터에 바이러스가 들어왔다고 알립니다. 그들은 파일을 압축해서 이메일 용량을 초과한 것을 발견합니다.                         
test_151," #Person2# 는 #Person1# 에게 주말을 어떻게 보냈는지 묻고, #Person2# 가 창사에 오시면 다시 방문할 것이라고 말합니다.                             "
test_152," #Person1# 과 중국 음식을 먹고 싶어 하고, #Person2# 는 Panda Express에 가기로 결정한다.                                "
test_153,  메리는 Hans 가구 매장의 다른 후보자가 더 많은 경험이 있어 영업직을 제안했다고 #Person1# 에게 알립니다.                              
test_154, #Person1# 이 #Person2# 에게 열 번째 전화를 걸었습니다. #Person1# 은 경찰에 신고할 예정입니다.                                   
test_155," #Person2# 는 음악 교사가 되고 싶어합니다. #Person1# 은 #Person2# 에게 클래식 음악이 뇌에 좋다고 말하며, 활기찬 비트와 댄스 음악을 선호한다고 설명합니다. 또한 클래식 음악을 듣는 것이 사람의 감정과 성격에 영향을 준다고 말합니다.      "
test_156, #Person2# 는 #Person1# 에게 같은 건물에 사는 미국 남자 두 명과 함께 솔로인 여자를 만났다고 말합니다. #Person2# 은 곧 저녁 식사에 초대할 계획입니다.                     
test_157, #Person1# 은 #Person2# 에게 Mirella가 Silicon Valley에서 회의에 참석한 후 계속 청바지에 스웨트셔츠를 입고 출근한다고 말합니다. 캘리포니아는 IT 산업의 영향으로 더 편하고 캐주얼한 옷을 입는다고 설명합니다. 
test_158," #Person1# 은 법률 사무소를 차리려고 하며, #Person2# 는 #Person1# 에게 도움이 필요할 때 언제든지 연락하겠다고 약속합니다.                              "
test_159,  Kate는 Peter에게 어젯밤에 온라인에서 네트워크 게임을 했다고 말합니다.                                     
test_160," #Person2# 는 #Person1# 에게 배와 보트가 기차, 비행기, 자동차에게 자리를 내주고 있다고 설명합니다.                              "
test_161,  Andy는 Fanny에게 어젯밤 유령들이 무덤에서 튀어나오는 악몽을 꿨다고 말한다. 이후 그녀는 미시간 대학교에 진학할 예정이다.             
test_162," #Person1# 과 Ernie는 캠퍼스에서 밴드를 시작할 계획이며, Vanilla Ice 노래를 추천합니다.                            "
test_163," #Person1# 은 #Person2# 에게 뉴올리언스로 여행을 다녀왔다고 말하고, 강변 저녁 유람선 투어를 제안합니다.                         "
test_164, #Person1# 은 #Person2# 의 사이즈를 마음에 들어 하여 신용카드로 결제합니다.                                      
test_165,"  Blake씨가 #Person1# 에게 교육 매뉴얼을 내일 오후에 그의 사무실에 가져다줄 수 있는지 문의했으나, #Person2# 는 인쇄소에서 복사 중이라 내일 1시 전에 돌아올 것이라고 말합니다.          "
test_166," #Person2# 는 #Person1# 에게 휴가 동안 어디로 갈지 물어보고, 여행 계획을 설명합니다. #Person2# 은 호텔에서 묵을 예정이며, 파이브 레이크 스트릿과 월 스트리트를 방문할 계획입니다.           "
test_167, #Person1# 은 #Person2# 에게 파멜라를 돌봐달라고 부탁합니다. #Person1# 는 파 멜라가 자신의 친구라고 생각합니다. 그들은 서로에게 친구가 되어줍니다.                    
test_168, #Person1# 은 #Person2# 에게 77번 도로에서 걸어서 갈 수 있는 12번 버스를 추천합니다.                               
test_169," #Person2# 는 #Person1# 에게 메카로 성지순례 가는 무슬림들에 대해 이야기합니다. #Person2# 의 설명에 따르면 매년 많은 사람들이 하즈에 간다고 합니다. 또한, 사우디 정부는 사고를 줄이기 위해 순례자 수를 제한하고 있다고 합니다. "
test_170, #Person1# 은 #Person2# 에게 중앙 백화점으로 가는 길을 안내합니다.                                       
test_171," #Person1# 과 #Person2# 는 다음 주 런던에 함께 가기로 했습니다. #Person1# 은 기차보다 기차를 타는 것이 더 저렴하다고 생각하지만,   는 자동차를 선호합니다. 그들은 고속버스를 타볼 계획도 있습니다.       "
test_172,  톰은 샌드위치를 받았지만 치킨이 익었다. 케서린은 맥도날드나 KFC 같은 유명 브랜드의 점심이 건강에 좋지 않다고 생각한다.                  
test_173," #Person1# 은 #Person2# 에게 레모네이드, 에피타이저, 바비큐 윙, 베이비 백 립을 주문합니다.                       "
test_174," #Person1# 은 #Person2# 에게 더블 치즈버거와 감자튀김, 중간 사이즈 펩시를 주문합니다.                           "
test_175, #Person1# 은 #Person2# 에게 반숙 계란과 프라이드 에그를 제공합니다. #Person1# 의 아버지는 계란을 너무 익혀서 완숙으로 먹습니다.                   
test_176, #Person1# 은 #Person2# 에게 그랜드 호텔로 가는 길을 안내합니다.                                       
test_177, #Person2# 는 아이들에게 미국 경찰이 어떻게 생겼는지 보여주고 싶다고 #Person1# 에게 말합니다.                                   
test_178, #Person1# 은 #Person2# 에게 내일 빈 방을 예약할 수 있는 선셋 호텔을 문의합니다.                                 
test_179, #Person2# 는 미국에 공부하러 가기 위해 비자 신청서를 제출했습니다. #Person1# 은 많은 사람들이 서류를 올바르게 작성하지 않거나 필수 서류가 빠뜨려서 신청이 거절된다고 생각합니다.             
test_180,  Anne은 #Person1# 에게 피곤해서 일찍 자고 싶다고 말합니다. 그들은 내일 펍에서 술 한잔하기로 했습니다.                        
test_181,"  Mary는 #Person1# 에게 인터넷 쇼핑이 편리하고 시간도 절약된다고 설명한다. #Person2# 는 온라인 은행 계좌를 열고, 전 세계의 모든 물건을 온라인으로 확인하자고 제안한다.              "
test_182, #Person2# 는 #Person1# 에게 미국식 회계에 대해 설명합니다.                                       
test_183,"  제인은 피터에게 여름에 시안에 가고 싶다고 말하고, 피터는 북쪽에 부모님이 계신다고 전한다. 피터가 돈이 많다면 신장 아니면 티베트로 가길 원한다.              "
test_184," #Person2# 는 #Person1# 에게 딸을 위해 로맨스 영화를 빌리려 하지만, #Person2# 의 도움으로 신작은 3.50달러에 영화 5편을 대여할 수 있는 5달러 특가가 제공됩니다.           "
test_185, #Person1# 이 Mr. Lee에게 소포를 전달하기 위해 #Person2# 에게 서명을 요청합니다.                              
test_186, #Person2# 는 #Person1# 에게 공항 호텔의 객실을 함께 사용해야 한다고 안내합니다.                                   
test_187, #Person1# 은 #Person2# 에게 음식을 각자 내는 것을 제안합니다.                                        
test_188, #Person1# 은 불면증으로 인해 잠을 잘 못 자고 있습니다. #Person2# 는 #Person1# 에게 요가 수업을 듣거나 이완 테크닉을 배우는 것이 스트레스 극복에 도움이 될 것이라고 조언합니다.              
test_189, #Person1# 은 #Person2# 에게 주방을 확 바꾸고 싶다고 말합니다.                                     
test_190,  Walter와 Sterling은 새 선생님에 대해 이야기한다.                                     
test_191, #Person2# 는 검사 결과가 명확하지 않아 상담할 수 있는 시간을 예약하고 싶어합니다. #Person1# 은 #Person2# 에게 오늘 오후에 다시 만나자고 제안합니다.                     
test_192,"  Eliza 선생님은 Martin에게 주말에 용돈을 벌기 위해 일하고 있으며, Lamb 선생님이 그녀의 문제를 해결하는 데 많은 도움을 주었다고 말합니다.                     "
test_193, #Person1# 은 #Person2# 에게 소포를 1등급보다 10일 더 걸리게 우편으로 보내달라고 요청합니다.                                 
test_194,  Linda는 #Person1# 에게 호텔 방의 휴대폰이 배터리가 되었다고 알린다. 그들은 결혼식에 핸드폰을 가져가기로 결정한다.                       
test_195," #Person1# 은 #Person2# 에게 로스앤젤레스의 아름다움을 설명하고, 료 하나를 더 제공합니다.                                   "
test_196," #Person1# 은 여름 방학 동안 사업 수업을 듣고, 삼촌 회사에서 아르바이트를 하며 경험을 쌓을 계획이다. #Person2# 는 졸업 후 여행할 멋진 곳들에 대해 이야기한다.                   "
test_197,  Mary는 오늘 아침에 우유 배달을 갔다가 12번 집의 정원 문이 잠겨 있는 것을 발견했습니다. #Person1# 은 개가 울타리를 넘어 문 쪽으로 가다가 돌진하는 것을 목격했습니다.            
test_198," #Person1# 은 #Person2# 에게 회사에서 6년 동안 근무했다고 말하며, 이전과 달라진 점에 대해 이야기합니다.                                 "
test_199, #Person2# 는 #Person1# 의 도움으로 보통 예금 통장에 이자가 붙는 계좌를 개설합니다.                                   
test_200, #Person1# 은 중국 음식을 먹어보고 싶어 한다. #Person2# 는 #Person1# 에게 광동 요리와 강소 요리를 추천한다.  그들은 베이징 오리구이를 먹기로 결정한다.                   
test_201, #Person1# 은 #Person2# 에게 양털 배송이 지연될까 봐 걱정하고 있다고 말합니다. 그들은 다음 달에 오클랜드를 떠나는 첫 배에 주문을 실어주기로 했습니다.                 
test_202, #Person1# 은 방에서 독서등을 깨뜨려 #Person2# 에게 변상을 요청합니다.                                     
test_203," #Person2# 는 #Person1# 에게 2006 회계연도 마케팅 계획에 대해 설명합니다. #Person2# 의 목표는 해외 시장에서의 유통을 두 배로 늘리는 것이며, 시장의 원래 상태, 둘째, 전년도 우리의 마케팅 수치, 셋째, 올해의 최종 판매 수치를 고려해야 합니다.    "
test_204," #Person2# 는 파리에서 출발하여 밀라노로 가고, 영국으로 돌아올 예정이다. #Person1# 은 에든버러 페스티벌에 참석할 계획이다.                       "
test_205,  Jimmy Fox는 중형차를 예약했으나 차가 모두 나갔습니다. #Person1# 은 예약을 유지하기 위해 작은 차와 포드 포커스를 선택했습니다.                   
test_206," #Person1# 은 #Person2# 에게 서재에서 카드 게임을 하자고 제안하고, #Person1# 이 이를 수락합니다.                                "
test_207,"  Ann은 Mr. Jones에게 오늘 오후 5시에 회계사와 회의가 있으며, 목요일에는 Ms. Von과 대화를 원한다고 말합니다.                    "
test_208," #Person2# 는 #Person1# 에게 세계 지도가 나라별로 표시되어 있지 않다고 설명하며, 세계 대부분이 물로 덮여 있다고 말합니다. #Person2# 의 지지도는 세계 대부분의 나라들이 작고 강들이 깊은 계곡과 협곡을 형성한다고 합니다.      "
test_209, #Person2# 는 금연 방을 예약했으나 방의 담배 냄새로 인해 방을 변경해야 합니다. #Person1# 은 도어맨이 짐 옮기는 것을 도와주겠다고 약속합니다.                      
test_210,  Bill은 John Sampson이 젖어 있는 페인트에 손대지 말라고 주의를 줬지만 표지판이 없었다고 #Person1# 에게 설명합니다.                
test_211," #Person1# 은 #Person2# 에게 커피를 한 잔 더 하자고 제안하고, 그들은 곧 다시 만나기로 약속합니다.                                "
test_212, #Person1# 은 Bill에게 Dick의 아팠지만 괜찮다고 말합니다.                                      
test_213," #Person1# 은 #Person2# 에게 회사가 야근을 강요하고 있다고 말합니다. 그들은 #Person1# 의 상사가 근무 시간을 통제하는 것에 대해 불평합니다.   에게 보너스가 너무 적다고 말하며, 다른 직장을 찾을까 봐 걱정합니다.    "
test_214,"  Lisa는 남편 Mark가 바람을 피우고 있다는 것을 알게 되었다. #Person1# 은 남편이 두 달 전부터 다른 사람을 만나고 있음을 알게 되었고, 남편에게 거짓말을 하고 잘못을 자백했다.               "
test_215," #Person2# 는 #Person1# 에게 의사 선생님이 너무 많이 먹고 있다고 말하며, 빨간 고기를 줄이고 식단을 정리하라고 조언합니다.                              "
test_216, #Person1# 은 #Person2# 에게 남아서 자신의 맹세를 지키라고 설득합니다.                                       
test_217," #Person2# 는 #Person1# 에게 도서관을 이용하는 방법과 대출 기간, 대출 기한에 대해 설명합니다.                                 "
test_218, #Person1# 과 #Person2# 는 날씨에 대해 이야기합니다. #Person1# 은 하늘과 햇볕을 쨍쨍하고 시원한 바람을 느끼며 점심을 먹자고 제안합니다. 그들은 날씨가 계속 좋다면 이번 주말에 해변에 가기로 합니다.         
test_219, #Person1# 은 #Person2# 에게 카메라를 잠시 맡기고 나중에 돌려달라고 요청합니다.                                       
test_220," #Person2# 는 대출 신청에 대한 정보를 얻기 위해 #Person1# 에게 도움을 요청합니다. #Person2# 은 대출의 이자율과 상환 기간에 대해 설명하고, 은행은 대출 승인을 위해 개인 정보, 과거 대출, 자산, 신용 점수와 같은 관련 정보를 평가해야 한다고 설명합니다. "
test_221," #Person1# 은 모니카의 발표에 감명을 받았고, #Person2# 는 그의 발표가 설득력 있었고 클라이언트들이 이 프로젝트에 투자할 것이라고 확신했다.                     "
test_222,"  톰은 #Person1# 에게 아침에 뛰는 것을 시도해보라고 제안하고, #Person2# 는 이에 동의합니다. 그들은 내일 함께 뛰기로 합니다.                            "
test_223, #Person2# 는 #Person1# 에게 일본 레스토랑의 영업 시간을 안내합니다.                                         
test_224, #Person1# 은 Simpson 씨에게 목요일 12시 30분에 점심을 함께 하자고 제안합니다.                                    
test_225, #Person1# 은 데이트 상대와 레스토랑에 가려고 합니다. #Person2# 는 #Person1# 에게 그레이머시 타번의 레스토랑을 추천합니다.                            
test_226," #Person2# 는 #Person1# 에게 오리구이, 돼지고기 한 접시, 소고기 한 그릇, 맥주 두 병, 거스름돈 50달러를 지불합니다.                        "
test_227," #Person2# 는 #Person1# 에게 자신의 나라에서는 축구를 좋아하고, 테니스를 좋아한다고 말합니다. 익스트림 스포츠는 소수만 즐깁니다.                            "
test_228, #Person1# 은 #Person2# 에게 핀란드 헬싱키로 가는 항공편을 예약해 달라고 요청합니다. 그들은 더 저렴한 항공편과 채식 기내식을 예약합니다.                         
test_229, #Person1# 과 #Person2# 는 디즈니 월드에 대해 이야기하고 있습니다.                                           
test_230, #Person2# 는 #Person1# 에게 그레이트 배리어 리프를 방문하고 싶다고 말합니다.                                      
test_231,"  Laura는 헬스장에 가려고 한다. #Person1# 은 걷기를 운동 삼아 많이 하고, #Person2# 는 스포츠를 즐긴다. 둘 다 운동이 건강 때문이라고 생각한다.                     "
test_232," #Person2# 는 #Person1# 에게 로스앤젤레스에서 태어났고, 열네 살 때 이곳에 와서 고등학교를 다녔다고 말합니다. 유럽 여행과 뮌헨에 대해 이야기합니다.                        "
test_233, #Person1# 은 #Person2# 에게 새로 생긴 백화점에서 구입한 정장을 소개합니다.                                        
test_234,"  Robin은 Martha Bicycle Club의 회장이며, Ann에게 mountain lake tour에 대한 정보를 제공합니다.                  "
test_235, #Person2# 는 #Person1# 에게 아페리티프와 싱어를 주문합니다.                                          
test_236,"  Gregory는 Eric에게 번지 점프를 가르쳐주겠다고 제안하지만, Eriic은 지갑을 잃어버렸습니다.                             "
test_237," #Person2# 는 2차 세계대전에 대한 정보를 찾고 싶어하며, #Person1# 은 www.google.com에 가서 노르망디 상륙작전을 입력해보라고 제안합니다.                      "
test_238, #Person2# 는 근육의 선명도를 위해 #Person1# 에게 기계를 사용해보라고 제안합니다. #Person2# 은 더 가벼운 무게로 시작하고 스트레칭을 하라고 조언합니다.                       
test_239, #Person2# 는 #Person1# 에게 캠퍼스 안에 학생들을 위한 주차 건물이 있다고 안내합니다.                                        
test_240,"  Emily는 Susan에게 FICA와 SUI 세금이 Federal Insurance Contribution Act의 약자인 연방 소득세, 사회보장세, Medicare가 포함된 건강보험 공제를 설명한다. "
test_241, #Person2# 는 #Person1# 에게 자판기가 까다로울 수 있다고 설명합니다. #Person2# 은 다음 단계로 가서 돈을 넣어보라고 제안합니다.                            
test_242, #Person2# 는 태국에 있는 여자친구를 만나러 가려고 한다. #Person1# 은 #Person2# 에게 인터넷 덕분에 사람들 간의 소통이 빨라졌다고 말한다.                           
test_243,  케이트는 새 가구 세트를 구매하고 새 가구를 마음에 들어한다. 제임스는 케이트를 방문하여 자신의 카펫에 대해 설명한다.                             
test_244,"  Bill은 #Person1# 에게 아침 먹기 전에 조깅, 점심시간 30분 운동, 일주일에 세 번 수영, 라켓볼, 핸드볼을 한다고 설명한다.                      "
test_245," #Person1# 은 마켓에게 과학 과목에 등록할 것을 제안하지만, 마틴은 의예과 전공이라 그 과목이 적합하지 않다고 생각한다.                            "
test_246,"  Tim은 #Person1# 에게 프로젝트와 더 환경친화적인 삶을 사는 방법에 대해 이야기한다. 그는 학교에 있을 때 재활용 종이를 줄이고, 학교 매점에 대해 언급한다.                     "
test_247,  토니는 #Person1# 에게 크리스마스가 다가오는데 모든 것이 잘 안 풀린다고 말한다. #Person2# 는 토니에게 쇼핑센터 장난감 부서에서 일하는 경험을 이야기한다.                    
test_248,"  Sue는 생일 파티를 위해 자신이 직접 만든 케이크를 먹자고 제안하지만, Bill은 다이어트 중이라 거절합니다. Su는 #Person1# 에게 뜨거운 스프를 가져다주기로 합니다.                   "
test_249," #Person2# 는 여름 옷을 찾고 있으며, #Person1# 은 #Person2# 에게 티셔츠와 바지를 20% 할인된 가격에 구매합니다.                                  "
test_250, #Person1# 은 지난달 예약한 표를 72시간 내에 재확인하지 않아 예약이 취소되었습니다. #Person2# 는 다음 비행기를 원합니다.                                
test_251, #Person1# 과 #Person2# 는 부활절에 교회에 가서 점심을 먹습니다.                                          
test_252," #Person1# 은 #Person2# 에게 아들에게 나쁜 습관이 생겼다고 말합니다. #Person1# 는 토니에게 애정과 인내심, 존중으로 대하라고 조언합니다.                        "
test_253, #Person1# 은 #Person2# 에게 친구 Julie와 Alex가 결혼한다는 소식을 전합니다. #Person1# 는 친구 Wendy와 함께 파티를 준비 중입니다.                       
test_254, #Person2# 는 투표용지를 받을 수 없어 #Person1# 에게 도움을 요청합니다.                                          
test_255, #Person1# 은 #Person2# 에게 회사가 곧 인원 감축을 할 것이라고 말합니다. #Person1# 는 마이클이 세 달 연속 판매 기록을 세우며 사장님과 잘 어울린다고 생각합니다.                     
test_256," #Person2# 는 중국 드라마 '중국식 이혼'을 보고 있으며, #Person1# 은 2년 전에 본 영화를 보고 있다. 두 사람은 이혼율이 최근 몇 년 동안 증가했다고 이야기한다.                 "
test_257,"  Judy는 #Person1# 에게 교통비, 호텔비, 그리고 청년호스텔 예산에 대해 설명합니다.                          "
test_258, #Person1# 은 #Person2# 에게 메리가 제로드와 결혼했다고 말합니다.                                  
test_259, #Person2# 는 지갑을 도난당했습니다. #Person1# 은 #Person2# 에게 돈을 빌리고 주유소에 가기로 했습니다.                         
test_260, #Person1# 은 #Person2# 에게 Murphy Music과 U-Tunes가 합병한다는 소식을 전합니다. #Person1# 는 그 소식을 믿지 않습니다.              
test_261,"  조는 톰의 새 조수에게 감명을 받았지만, #Person1# 은 그가 거만한 것 같다고 생각한다.                          "
test_262,"  Sarah는 #Person1# 에게 회의 주제가 사무실 워크플로우 개선을 위한 것이라고 설명하며, 회의가 효율적이지 않았다고 느낀다고 말한다. 그는 짧고 간결하게 해야 한다고 조언한다.        "
test_263," #Person2# 는 #Person1# 에게 사람들이 메카로 순례를 가는 이유를 설명하고, 순례자들이 사고의 가능성을 줄이기 위해 순례가 제한되어 있다고 말합니다.                  "
test_264,  Ted는 Mike에게 Jenny가 자신을 좋아한다고 말해야 한다고 설득합니다.                            
test_265, #Person2# 는 #Person1# 에게 화가 났을 때 어떻게 대처하는지 설명합니다.                                 
test_266, #Person1# 은 #Person2# 에게 뉴질랜드에 있는 가족에 대해 이야기합니다. #Person1# 의 가족은 Bill의 삼촌 Jack과 그의 외삼촌 Sarah의 사촌입니다.         
test_267, #Person1# 과 Stuart 씨가 도시 마라톤에서 우승하여 기뻐합니다.                                    
test_268," #Person2# 는 아이들과 아내를 위한 선물을 고르고 있습니다. #Person1# 은 #Person2# 에게 미국산 스니커즈와 향수를 추천하지만,  는 가격이 비싸다고 느낍니다. 결국, 그들은 DKNY 브랜드를 구매하기로 결정합니다. "
test_269, #Person1# 은 영국으로 전화하기 위해 로밍 요금이 너무 비싸서 #Person2# 에게 현지 SIM 카드를 사용하라고 제안합니다.                      
test_270," #Person1# 은 Mr. Brown을 채용하기로 결정하면 초기에는 2,500위안을 지급할 예정입니다.                         "
test_271," #Person1# 과 #Person2# 는 Barry가 너무 야심차고 정직하지 않다고 생각하며, #Person1# 은 그의 형 Paul을 좋아한다고 말한다.               "
test_272," #Person1# 은 파사디나나 아카디아에 관심을 가지고 있으며, #Person2# 는 3개의 침실과 2개의 화장실이 있는 중간 크기의 집을 원합니다.                 "
test_273,"  Grant 씨는 샘플을 보고 싶어하지만, #Person1# 은 결정을 내리기 어려울 것 같다고 말합니다.                          "
test_274, #Person1# 은 #Person2# 에게 PHS에서 Sons으로 가는 직행 버스를 안내합니다.                            
test_275, #Person1# 은 Mrs. Word를 집까지 태워다 줍니다.                               
test_276, #Person1# 은 #Person2# 에게 침대에 누워 다리를 들어보라고 제안합니다. #Person1# 는 어깨 엑스레이를 찍고 오늘 밤 병원에 있는 것을 권장합니다.                
test_277,  설리는 호텔 로비 바에서 요금 청구 시 사용한 신용카드가 없어 IBA 고객 서비스부에 도움을 요청합니다.                            
test_278, #Person1# 은 #Person2# 에게 낮잠을 자고 저녁을 준비하라고 제안합니다.                                 
test_279, #Person1# 은 #Person2# 에게 중국 음식을 주문하고 앞쪽 테이블에 앉으라고 요청합니다. 그들은 밸류 밀 두 개와 고추장을 주문합니다.                   
test_280," #Person2# 는 #Person1# 에게 필요한 식기를 챙기고, 줄을 서고 크림 케이크를 주문합니다.                            "
test_281,"  Lucy는 Stanley의 노래를 듣고 싶어 하지만, #Person1# 은 그의 노래를 듣지 못한다.                           "
test_282," #Person1# 과 #Person2# 는 집에서 보는 비디오 플레이어가 영화관을 대체할 것이라고 생각하며, 영화 상영의 개념을 혁신해야 한다고 생각합니다.                       "
test_283," #Person1# 은 #Person2# 에게 가벼운 갈색 드레스를 추천하며, 봄에는 면드레스를, 여름에는 하얀색을 선호한다고 설명합니다.                     "
test_284,"  Joshua는 #Person1# 에게 용돈 13달러를 주고, 은행에 가서 비밀 돈통을 사용할 계획입니다.                       "
test_285, #Person1# 과 #Person2# 는 Mike의 생일 파티에 대해 이야기하고 있다.                                
test_286, #Person1# 은 #Person2# 에게 우선우편으로 책자 우표와 항공우편 우표를 보내달라고 요청합니다.                          
test_287, #Person2# 는 #Person1# 에게 지진이 세계에서 가장 무서운 자연재해 중 하나라고 말합니다. 중국은 유라시아 판에 위치해 있어 많은 사람들이 지진으로 목숨을 잃습니다.                
test_288," #Person1# 과 #Person2# 는 날씨에 대해 이야기하고 있습니다. #Person1# 은 습하고 추운 날씨를 견디기 어렵다고 생각하지만,   는 곧 봄이 올 것이라고 생각합니다.                "
test_289," #Person1# 과 #Person2# 는 배구 경기 후 올림픽 기념품 가게에 가기로 결정합니다. #Person1# 은 올림픽 마스코트를 사고 싶어하고,   는 그 선물에 관심이 있습니다.                "
test_290, #Person1# 은 #Person2# 의 도움으로 알루미늄 팬을 구매합니다.                                     
test_291, #Person1# 과 #Person2# 는 퇴근 후 다시 일하러 가기로 했습니다.                                      
test_292,"  Mr. Becker는 #Person1# 에게 워싱턴의 관료들이 그들의 직업을 선호한다고 말합니다. 그는 많은 사람들이 성인 기간 동안 연방 정부를 위해 일한다고 설명하며, 많은 직책이 민간 업계와 비슷한 급여와 근무 조건을 가지고 있다고 설명합니다. "
test_293,"  Henry Johnson은 Pete에게 베이징 사무실에서 1년 넘게 일하고 있다고 말합니다. 그들은 베이징에서 태어나 브루클린에서 자랐으며, 중국에서 생활하고 있습니다. 그들은 저녁을 먹고 노래방에 가기로 결정합니다.   "
test_294,  Mr. Jones는 Julie에게 식중독으로 인한 아팠던 경험을 이야기합니다. 그는 #Person1# 에게 치킨을 사서 속이 안 좋았다고 말합니다. #Person2# 는 수업에 따라 따라갈 수 있을 것 같다고 생각합니다. 
test_295,  Mike는 #Person1# 에게 친구들이 오늘 오후에 오기 때문에 음료수와 커피를 사오라고 요청합니다. #Person2# 는 설탕과 과일을 사올 예정입니다.               
test_296, #Person1# 과 #Person2# 는 베를린의 긴 버스 여행에 대해 이야기합니다. #Person1# 은 버스가 환경에 해로워서 버스를 탔다고 말합니다.                       
test_297," #Person2# 는 #Person1# 에게 이 일을 맡게 되면 주말에도 일해야 한다고 말합니다. 또한 외국어 실력을 갖추고 있으며, 대학 다닐 때 학급 앞에서 말하는 것을 좋아했습니다.                  "
test_298,  에이미는 에이미에게 어제 피크닉에 대해 이야기합니다. 에이미가 제니와 빌이 함께 갔던 베이하이 공원과 바를 방문했다고 말합니다.                    
test_299,  Peter는 #Person1# 에게 정원에 물을 줘야 한다고 말합니다. #Person2# 는 정원이 건조해서 물 대신 차를 마실 수 있다고 합니다.                     
test_300," #Person1# 은 #Person2# 에게 긴급 회의를 빨리 소집할 것을 요청하고, Ken이 돌아오면 일정을 잡아달라고 요청합니다.                            "
test_301, #Person2# 는 #Person1# 에게 편지의 무게를 측정하고 등기 배송을 위해 7달러를 지불합니다.                               
test_302, #Person1# 은 Mr. Smith에게 가려움증과 화끈거림을 완화하는 항생제와 크림을 처방합니다.                         
test_303," #Person2# 는 #Person1# 에게 중국의 공예품을 몇 가지 사가고 싶어 하며, 독특한 중국식이면서 운반이 쉬운 종이 공예를 추천합니다.                        "
test_304, #Person1# 은 #Person2# 에게 에펠탑이 1930년까지 세계에서 가장 높은 구조물의 기록을 가지고 있었다고 설명합니다.                             
test_305," #Person1# 은 Brian에게 영어를 배웠다고 말하고, #Person2# 는 라스베이거스에 가본 적이 없다고 합니다.                          "
test_306, #Person1# 은 #Person2# 에게 걱정하지 말라고 격려합니다.                                        
test_307, #Person1# 은 #Person2# 에게 모든 것이 계획대로 진행되었고 곧 문제가 생길 것이라고 말합니다.                                 
test_308, #Person1# 과 #Person2# 는 John이 일주일에 7번 그녀와 데이트하는 것에 대해 이야기합니다.                             
test_309," #Person1# 과 #Person2# 는 런던의 역사적인 도시들에 대해 이야기하고 있습니다. #Person1# 은 웨스트민스터 사원과 보우디카 동상, 그리고 유명한 성과 감옥을 방문할 예정입니다.             "
test_310,  다니엘은 #Person1# 에게 자신이 가장 좋아하는 과목이 과학이라고 말한다. #Person2# 는 린이 항상 장난꾸러기라고 생각한다.                       
test_311," #Person1# 은 #Person2# 에게 베이비 샤워 선물로 작은 턱받이, 유모차, 칼라, 놀이펜, 침대 등을 제공합니다.                        "
test_312," #Person1# 은 중국에 관광하러 가고 싶어하지만, #Person2# 는 바빠서 갈 수 없다고 한다.                                  "
test_313,  Tim과 Karren은 오랜만에 만나 서로 인사를 나누고 가끔 만나기로 했습니다.                                  
test_314," #Person1# 은 #Person2# 에게 Michael의 새 오토바이를 타보게 해달라고 요청하고, #Person1# 도 자전거를 사고 싶어합니다.                      "
test_315," #Person1# 은 #Person2# 에게 몇 개의 언어를 구사할 수 있는지 묻습니다. #Person1# 는 중국어, 영어, 프랑스어를 할 줄 알고, 미국 회사에서 일하기에 충분하다고 생각합니다.              "
test_316, #Person1# 은 타일러의 여동생 낸시에게 앤디가 전화했다고 전해달라고 요청합니다.                                  
test_317, #Person1# 은 뉴욕행 513편 비행기가 취소되었다고 알립니다. #Person2# 는 #Person1# 에게 50% 할인된 좌석을 제공합니다.                       
test_318," #Person1# 과 #Person2# 는 점심을 먹으러 버거 퀸에 가서 치즈버거, 밀크셰이크, 마요네즈 소스, 그리고 튀긴 음식을 먹습니다. #Person1# 은 인내심을 가지라고 조언합니다.   "
test_319, #Person1# 은 #Person2# 에게 초과 수하물 요금과 취급 주의 라벨을 요청합니다.                                 
test_320," #Person1# 은 #Person2# 에게 탄산음료가 갈증을 풀어준다고 설명하며, 탈수일 때는 물을 마셔야 한다고 말합니다.                      "
test_321,  Wang Miao는 매니저 Liang의 사무실에 전화를 걸어 Mr. Green과 내일 아침 약속이 변경되었음을 알립니다.                 
test_322, #Person1# 은 #Person2# 에게 에나멜 가죽 구두를 추천합니다.                                   
test_323,  Benjamin은 프로젝트 보고서를 어떻게 써야 할지 몰라 고민하고 있다. #Person1# 은 #Person2# 에게 세부사항과 형식을 신경 써달라고 요청한다.                 
test_324,"  Marty는 #Person1# 에게 중간 크기 피자를 1+1로 주문하고, 해산물 피자와 얇은 도우를 주문합니다.                     "
test_325," #Person1# 은 #Person2# 에게 새우 칵테일과 계란 수프, 미네랄 워터를 주문합니다.                         "
test_326, #Person2# 는 #Person1# 에게 주방과 화장실이 있는 집을 소개합니다.                                   
test_327, #Person2# 는 #Person1# 의 가게에서 개인 스테레오를 구매한 것과 다른 스크래치를 받았습니다. 이는 소음을 들을 수 없기 때문입니다. #Person2# 은 이어폰을 끼는 방법을 알고 싶어합니다.          
test_328," #Person1# 은 #Person2# 에게 내년 기숙사 보증금을 아직 납부하지 않았다고 말합니다. #Person1# 는 교외에서 살 것을 고려 중이며, 기숙사가 너무 시끄러워서 성적이 더 나을 수 있다고 생각합니다.       "
test_329," #Person1# 은 #Person2# 에게 오래된 동화책을 보여주며 그 책을 선물로 주었으며, 윌리엄 셰익스피어의 서명은 백만 달러의 가치가 있다고 설명합니다.                "
test_330, #Person1# 은 #Person2# 에게 베이징 맛집의 창가 쪽 테이블을 안내하고 20분 후에 음식을 준비하도록 요청합니다.                        
test_331, #Person1# 은 #Person2# 에게 편지를 등기 우편이나 배달 증명 우편으로 보내는 방법을 설명합니다.                             
test_332,"  Tom이 Sally와 John에게 보낸 편지가 있다. Saly는 Tm에게 편지를 읽어달라고 요청하고, Tam은 이를 수락한다. 그들은 곧 만나기로 한다.         "
test_333, #Person1# 은 #Person2# 에게 컴퓨터를 살 수 있는 날이 오기를 바란다고 말합니다.                               
test_334, #Person1# 과 #Person2# 는 이번 주말에 소풍을 가기로 결정합니다.                                   
test_335, #Person1# 은 참고 자료 데스크에서 컴퓨터에 관한 일반적인 정보를 찾기 위해 #Person2# 에게 도움을 요청합니다.                            
test_336, #Person1# 은 #Person2# 의 도움으로 프렌치 가든 레스토랑에서 식사와 음료를 주문합니다.                             
test_337," #Person1# 은 #Person2# 에게 레모네이드, 전채요리, 바비큐 윙, 베이비백 립스를 주문합니다.                    "
test_338, #Person1# 은 #Person2# 에게 물과 디저트를 주문합니다.                                    
test_339, #Person1# 은 Eric이 예스에게 데이트를 신청하면 어떻게 할 것인지에 대해 #Person2# 에게 질문합니다. #Person1# 는 복권에 당첨되면 세계 여행 티켓 두 장을 구매할 예정입니다.         
test_340," #Person1# 은 Jack의 새로운 애완동물 사진을 칭찬하고, #Person2# 는 그 사진이 재미있다고 생각한다.                           "
test_341," #Person1# 은 #Person2# 에게 Jane 이모가 Tom에게 새 자전거를 사줬다고 자랑을 하지만, #Person1# 의 어머니는 여전히 버스가 오지 않는다고 말합니다.               "
test_342," #Person2# 는 최신 유행의 치마를 찾고 있으며, #Person1# 은 400달러를 제안합니다.                                "
test_343," #Person2# 는 #Person1# 에게 도시가 역사적인 장소라고 설명한다. #Person2# 의 도시는 200년 이상 된 건물이 남아 있으며, 옛날에 성이 있었다고 한다.                "
test_344," #Person1# 과 #Person2# 는 환경 문제를 해결하기 위해 세계 지도자들이 모여 행동 계획에 합의해야 한다고 생각합니다. #Person1# 은 대기 오염 문제를 해결해야 대기를 파괴하지 않을 수 있다고 생각하며, 열대우림 파괴와 사막화 문제에 대해서도 언급합니다. "
test_345, #Person1# 과 데니스는 채팅방에서 사람들과 대화하는 데 많은 시간을 보내고 있다. #Person1# 은 #Person2# 가 미스 라이트라고 생각하는 남자와 금요일 밤에 만나기로 했음을 알게 된다.           
test_346,  Nathan은 시카고 트리뷴 같은 큰 신문사에서 실습할 예정이다. #Person1# 은 #Person2# 가 호기심 많고 사교적이라 다른 사람들을 통해 배울 수 있을 것이라고 생각한다.         
test_347," #Person2# 는 토요타 카롤라를 빌리고자 하며, #Person1# 은 은색을 선택하고 셋째 날 정오까지 반납해야 한다고 안내합니다.                    "
test_348, #Person1# 은 #Person2# 에게 뉴욕에서 비즈니스 계약을 체결하고 뉴욕의 대학들을 방문할 것을 제안합니다.                            
test_349, #Person1# 은 #Person2# 에게 필름을 현상해 달라고 요청합니다.                                    
test_350, #Person1# 은 폭우로 인해 비행기가 지연되었습니다. #Person2# 는 최신 기상 예보에 따라 비가 정오 전에 그칠 수 있다고 안내합니다.                    
test_351, #Person1# 은 #Person2# 에게 북경대학을 안내합니다.                                     
test_352, #Person2# 는 #Person1# 에게 신문에 나온 좋은 아침의 내용과 날씨에 대해 설명합니다.                              
test_353," #Person1# 은 컴퓨터 게임이 폭력적이라고 생각하지만, #Person2# 는 괜찮다고 생각한다.                               "
test_354," #Person1# 은 Jim에게 저녁에 맥주를 마시자고 제안하지만, #Person2# 는 그것이 건강에 좋지 않다고 생각합니다. 결국 그들은 체육관에 가서 운동과 친구들을 만나기로 결정합니다.             "
test_355, #Person1# 과 #Person2# 는 새우찜과 와인을 주문합니다.                                   
test_356, #Person2# 는 #Person1# 에게 지난 겨울 방학에 미국에서 온 외국인 관광객 몇 그룹을 안내했다고 설명합니다.                          
test_357, #Person1# 은 Jack에게 더블룸 3박을 예약했다고 알립니다.                                
test_358,  질은 데이빗의 생일파티에 참석하지 못해 숙취가 발생했습니다. 마크는 #Person1# 에게 빌의 부인과 딸의 임신 소식을 전합니다.               
test_359," #Person1# 은 #Person2# 에게 내일 밤 극장에 가자고 제안하지만, 남편은 좋아하지 않을 것 같아 거절합니다.                          "
test_360, #Person1# 과 #Person2# 는 볼티모어와의 야구 경기에 대해 이야기하고 있습니다.                                
test_361, #Person1# 은 #Person2# 에게 감사 인사를 전합니다.                                      
test_362," #Person2# 는 #Person1# 에게 천연자원을 수출하고 있으며, 베네수엘라에서 철과 알루미늄을 수입하고 있다고 설명합니다. 또한, #Person2# 의 나라에서 귀석 매장량이 발견되었다고 말합니다.     "
test_363, #Person1# 은 #Person2# 에게 미술 전시회에 가는 것을 좋아한다고 말합니다. #Person1# 는 내일 국립 미술관에서 열리는 그리스와 로마 조각 전시회를 방문할 예정입니다.               
test_364," #Person2# 는 책을 반납하고 대출하고 싶어하며, #Person1# 은 #Person2# 에게 비디오 손상 시 벌금을 부과합니다.                        "
test_365, #Person1# 은 #Person2# 에게 10프레임의 볼링 게임에 대해 더 자세히 설명해 달라고 요청합니다.                          
test_366," #Person2# 는 #Person1# 에게 은행과 증권사 간에 돈을 이체할 수 있는 새로운 서비스에 대해 설명하며, 맞춤형 상담 서비스를 제공한다고 말합니다.                   "
test_367, #Person2# 는 #Person1# 에게 30분 후에 체크아웃해야 한다고 안내합니다. #Person2# 은 VISA 카드로 보증금을 결제할 예정입니다.                    
test_368, #Person2# 는 #Person1# 에게 뷔페의 요금을 안내합니다.                                  
test_369," #Person2# 는 해외에서 공부하는 모든 분들을 위한 해외 유학 개인 대출을 원하며, #Person1# 은 #Person2# 의 부모님이 대출 보증인으로 나서야 한다고 설명합니다.                  "
test_370, #Person1# 은 #Person2# 에게 영어 노래가 있는 책을 소개합니다.                                   
test_371," #Person2# 는 #Person1# 에게 자신의 글쓰기 경력에 대해 설명하고, #Person2# 의 신문사에 지원한 이유를 묻습니다.                        "
test_372,"  잭은 #Person1# 에게 인터뷰 결과를 직접 물어볼 수 있는 이메일 보내기를 제안하고, #Person2# 는 이에 동의합니다.                       "
test_373," #Person1# 은 #Person2# 의 집을 방문하여 집을 둘러봅니다. #Person1# 의 집은 약 46제곱미터의 넓고 흥미롭으며, 수확 후 껍질을 벗길 시간이 없어 나무에 걸어두었습니다.       "
test_374, #Person1# 은 #Person2# 에게 호텔에서 40분 후에 체크아웃할 것을 권장합니다. #Person1# 는 짐은 보관소에 보관할 수 있지만 보증금이 필요하다고 설명합니다.               
test_375," #Person1# 은 브랜든에게 글쓰기 실력을 향상시키는 새로운 웹사이트에 가입하라고 권유하지만, 브렌든은 이를 이해하지 못합니다. #Person2# 는 #Person1# 이 신뢰할 수 있는 웹사이트를 신뢰하지 않는다고 생각합니다.    "
test_376," #Person1# 과 #Person2# 는 교장 선생님이 새 실험실 건물을 지을 수 있을지에 대해 논의하고 있습니다. #Person1# 은 지역 정부에 도움을 요청할 것이라고 믿으며, 이번 학기가 끝나기 전에 결정이 내려질 것이라고 생각합니다.    "
test_377,"  Henry는 소고기를 사기 위해 은행에서 받은 신용카드를 사용하기 시작했습니다. #Person1# 은 카드로 결제하는 것이 편리하다고 생각하지만, #Person2# 는 카드 사용에 조심해야 한다고 경고합니다.      "
test_378,  Mr. Smith는 #Person1# 에게 내일의 산간 마을 방문 계획을 설명합니다.                           
test_379,"  Vet은 스트레스를 풀기 위해 오이를 먹고 푹 쉬고, 치어리더가 되고 싶다고 말합니다. 그녀는 아기를 돌보며 가장 좋았던 점, 변호사가 되고 싶은 이유, 그리고 가장 좋아하는 명언에 대해 이야기합니다.  "
test_380, #Person1# 은 #Person2# 에게 처음 우표 수집에 관심을 가지게 된 계기와 수집이 부자들이 누릴 수 없는 많은 즐거움을 준다고 설명합니다.                  
test_381," #Person1# 은 #Person2# 에게 자신이 성공한 사업가가 되었다고 말합니다. #Person1# 의 가족은 캐나다에 정착하여 성공한 사업을 시작했으며, 현재 회사의 자금은 약 50명으로부터 1,800만 달러를 모았습니다.      "
test_382,"  John Day는 북런던의 네즈든의 보행자 지하도에서 발견된 40대 남성의 사망 사건을 살인으로 보고 있습니다. 그는 두 명의 여성과 술에 취한 남성, 그리고 미니캡 기사와 함께 클럽을 떠났습니다. "
test_383,"  Sherry는 Bob의 친구 결혼식에 초대받아 내년에 퀘벡에 가기로 했습니다. #Person1# 은 #Person2# 의 프랑스어 실력을 칭찬하며,  Tom은 대학 친구를 만나기 위해 방문할 예정입니다. "
test_384,"  제인은 학생 센터에 수영하러 가자고 제안하지만, 톰은 리포트가 아직 시작되지 않아 시간이 없다. 제인이 그릴에서 저녁을 먹고 함께 공부하자고 제안하자 톰이 동의한다.                   "
test_385, #Person1# 은 #Person2# 에게 의사의 조언에 따라 약을 복용해야 한다고 설명합니다.                                        
test_386, #Person1# 은 #Person2# 에게 200위안을 빌려달라고 요청합니다. #Person1# 는 컴퓨터를 온라인으로 사서 대출금을 갚아야 합니다.                              
test_387," #Person1# 은 #Person2# 에게 글을 더 잘 쓰고 싶어서 몇 주 동안 연습했다고 말하지만, #Person1# 의 글씨는 여전히 좋지 않다.   #Person2# 는 끈기가 가장 중요하다고 강조한다.                  "
test_388, #Person1# 은 #Person2# 가 속눈썹을 올리고 있는 것에 겁을 먹고 있습니다.                                         
test_389," #Person2# 는 #Person1# 에게 운전 강좌에 대한 정보를 제공합니다. #Person2# 의 강좌는 주말에만 가능하며, 강사님은 20년 동안 가르치고 있습니다.                           "
test_390," #Person1# 은 #Person2# 에게 영국에서 온 선생님을 소개해 주었으며, 매주 토요일 그 선생님 댁에 가서 피아노를 배우고 있다고 말합니다.                           "
test_391," #Person2# 는 #Person1# 에게 자신의 강점과 약점에 대해 설명합니다. #Person2# 은 배우면서 일에 대해 더 깊이 이해하는 것이 중요하다고 생각하며, 5년 후 본인은 어디에 있을 것이라고 말합니다.                    "
test_392,  George는 Stephanie에게 Miss Jenkins에게 연락하여 보고서를 금요일 아침까지 제출할 것을 요청합니다.                         
test_393,"  David는 #Person1# 에게 뉴욕에서 크리스마스를 보내자고 제안하지만, #Person2# 는 뉴욕에 머물고 싶어한다.                              "
test_394,"  Bob은 지난 주말 댄스 파티에 갔고, #Person1# 은 쇼핑을 갔다.                                        "
test_395," #Person1# 은 #Person2# 에게 50달러를 빌려달라고 요청합니다. #Person1# 는 직업이 없어 매일 취업 사무소에 간다고 말합니다. 결국, 그들은 농장에서 일자리를 찾기로 결정합니다.                    "
test_396, #Person1# 은 #Person2# 에게 모든 손님에게 재킷과 넥타이를 착용해 달라고 요청합니다. #Person1# 는 회의 시간을 9시 30분으로 늦추고 15명 참석을 약속합니다.                     
test_397," #Person1# 과 #Person2# 는 휴양 캠프에 대해 이야기하고 있습니다. #Person1# 은 집과 성 방문, 스포츠 활동에 대해 설명합니다.                               "
test_398, #Person1# 은 #Person2# 에게 딸의 대학 입학 요건에 대해 묻습니다. 그들은 휴가를 활용해 컴퓨터 프로그래밍 수업을 듣고 싶어 합니다.                              
test_399, #Person1# 은 #Person2# 에게 클락 교수님이 나무를 들이받아 며칠 학교를 빠져야 한다고 알립니다.                                    
test_400, #Person1# 은 #Person2# 에게 집주인과 수리 비용 합의에 어려움을 겪고 있다고 말합니다.                                       
test_401, #Person2# 는 도쿄에서 온 수출 L/C를 사이유리 베즈에서 수령하기 위해 #Person1# 에게 서류를 작성해 달라고 요청합니다.                           
test_402,  Myrdal은 Charlie의 지갑이 사라졌다고 생각합니다.                                      
test_403," #Person1# 은 설거지를 하고 싶어 하지만, #Person2# 는 번갈아가며 하기로 했다며 거절합니다.                                     "
test_404," #Person1# 과 #Person2# 는 서로에 대해 이야기하고 있다. #Person1# 은 셔츠를 입고, 그들은 서로에게 사랑을 고백한다.                                "
test_405, #Person1# 과 #Person2# 는 정부가 많은 사회 문제에 직면하고 있다고 생각합니다.                                           
test_406," #Person1# 은 가면무도회 파티에 맞는 의상을 고르기 위해 #Person2# 에게 쇼핑을 제안합니다. #Person1# 이 카우걸을 추천하고,   은 카우를 선택합니다.                   "
test_407," #Person1# 은 #Person2# 에게 베이징에서 춤추러 가자고 제안하고, 그들은 디스코 댄스를 하기로 결정합니다.                                  "
test_408," #Person1# 은 농장을 갖고 싶어 하고, #Person2# 는 농장 운영에서 벗어나고 싶어한다. #Person1# 는 삼촌이 농장에서 일한 경험을 공유하며  에게 농장으로 휴가를 가자고 제안한다.               "
test_409," #Person1# 은 #Person2# 에게 하이네켄과 버드 반 파인트, 나초와 모짜렐라 스틱을 주문합니다.                             "
test_410,  Mary는 #Person1# 에게 Ann이 해변에 가기로 계획했던 중 남자친구가 전화를 걸어 여행을 취소해야 한다고 말했다고 전한다. #Person2# 는 화가 나서 나중에 전화해 화해할 것이라고 말한다.            
test_411," #Person1# 은 #Person2# 에게 담배와 기념품, 화장실을 안내합니다.                                          "
test_412, #Person1# 과 Catherine은 영화 'Fast Food Nation'을 보고 미국식 음식의 어두운 면에 대해 생각합니다. #Person1# 은 미국의 패스트푸드 문화가 편리함을 추구하는 생활 방식을 반영한다고 설명합니다.          
test_413, #Person1# 은 버스가 워싱턴 스퀘어 공원으로 가는 줄 알았습니다. #Person2# 는 #Person1# 에게 뒤쪽으로 이동해 달라고 요청합니다.                             
test_414," #Person1# 은 #Person2# 에게 9-11 테러 공격이 있던 날 베이징에 있는 부모님 댁에 있었다고 말합니다. #Person1# 의 부모님은 비행기가 쌍둥이 빌딩에 충돌하는 장면을 목격했고, 그 후 대피하지 못했습니다. 그들은 테러가 계획적이고 치명적이라고 생각합니다. "
test_415,  Chuck Jones가 Karl의 옆집으로 이사를 왔습니다. 그들은 더 조용한 곳에서 더 넓은 공간을 가지고 살고 싶었습니다.                         
test_416," #Person1# 은 #Person2# 에게 삶은 달걀과 토스트, 오렌지 주스를 주문합니다.                                             "
test_417,"  Steven은 #Person1# 에게 가계부를 보라고 하지만, #Person2# 는 자러 가기 전에 지하실 문을 닫아달라고 요청합니다.                                    "
test_418, #Person1# 은 Jane에게 다음 주 월요일 오후 3시쯤 만나자고 제안합니다.                                                
test_419," #Person1# 은 #Person2# 에게 여자친구에게 줄 멋진 선물을 고르도록 도와달라고 요청합니다. 그들은 진주 귀걸이 세트, 하트 모양의 펜던트, 그리고 시계를 구매하기로 결정합니다.                          "
test_420," #Person1# 은 오래된 Ford Pinto를 교환하고 싶어 합니다. #Person2# 는 #Person1# 에게 연비와 엔진, 그리고 가격대에 대해 설명합니다.                                 "
test_421," #Person1# 은 Ballam 씨에게 컴퓨터 엔지니어 직책을 제안하고 월 4,000 위안을 제안합니다. #Person2# 는 이를 수락하고 다음 주 월요일에 출근할 예정입니다.                           "
test_422, #Person2# 는 #Person1# 에게 네트워크 결제 서비스에 가입하면 내부 감독과 관리의 문제를 해결할 수 있다고 설명합니다.                                           
test_423, #Person1# 은 #Person2# 에게 저녁에 먹고 남은 것이 없어서 땅콩버터와 잼 샌드위치를 만들어 먹자고 제안합니다.                                     
test_424, #Person1# 은 #Person2# 에게 혈액을 채취하고 백혈구 수치를 확인합니다.                                                
test_425,  Steven은 전기가 나간 퓨즈를 풀어서 좋은 퓨즈로 교체하기 위해 지하실 선반에 있을 예정입니다.                                      
test_426,  Paula는 세 들어 사는 집의 집주인 Ms. Connors가 식기세척기가 고장 나서 수리를 하고 비용을 월세에서 공제했다고 #Person1# 에게 말합니다. #Person2# 는 M..                 
test_427, #Person1# 과 에어컨이 고장 나서 #Person2# 에게 에어컨 수리공을 불러달라고 요청합니다. #Person1# 은 Dan이 화장실 변기와 전기 배선을 고치도록 하고 있다고 설명합니다.                             
test_428," #Person2# 는 해고당하여 대출금을 낼 수 있는 일을 찾고 있으며, #Person1# 은 #Person2# 에게 전기공 견습생 프로그램 공고본을 확인해보라고 제안합니다.                                "
test_429, #Person2# 는 #Person1# 에게 사장님의 강점과 약점에 대해 설명합니다.                                                  
test_430,"  Tang 씨는 Youth International Travel Agency에서 일하고 있으며, 이번 주는 휴가 중입니다.                                     "
test_431, #Person2# 는 #Person1# 의 도움으로 금 시계를 구매합니다.                                                     
test_432,  Tom은 Sara에게 딸 Maria와 아들 Ken을 병원에 데려갈 수 없다고 알립니다. 그들은 아들을 집으로 데려가기로 합니다.                                  
test_433,"  Amy는 첫 직장에서 총지배인 비서로 일했고, 인사부장으로 승진했습니다. #Person1# 은 그 일이 재미있었고 급여가 적었다고 생각합니다.                                "
test_434,"  Andrew는 #Person1# 에게 자신의 체중 감량 방법에 대해 이야기합니다. #Person2# 는 뚱뚱하지 않으니 체중을 감량을 하라고 제안하지만,  David는 그것이 이상하다고 느낍니다. 결국, 두 사람은 식사량을 조절하고 균형 잡힌 식사를 하기로 결정합니다. "
test_435,"  브라운 컬리지의 그렉 손더스 씨는 메리에게 서류에서 우수한 학점을 받았고, 대학 스포츠에 관심이 있다고 말합니다. 메리는 배구를 좋아합니다.                                 "
test_436, #Person1# 은 #Person2# 에게 기차역으로 가는 길을 안내합니다.                                                    
test_437,"  Brian은 #Person1# 에게 미국에서 영어를 배웠다고 말하며, 캘리포니아는 한 번도 가본 적이 없다고 한다.                                        "
test_438, #Person2# 는 새로운 건강 보험에 가입하기 위해 연례 건강검진을 받으러 왔습니다. #Person1# 은 #Person2# 에게 알레르기 검사와 천식 검사를 권장합니다.                              
test_439," #Person1# 은 #Person2# 에게 복권에 당첨되면 아내와 아이들을 위해 정원이 있는 큰 집을 사고, 밍크 코트를 사며, 월급 인상을 받지 않고 현실로 돌아와 맥주를 마시자고 제안합니다.                         "
test_440," #Person2# 는 #Person1# 에게 아직 결혼할 준비가 안 되었다고 말하며, Amy를 결혼식장에 남겨두지 말라고 조언합니다. #Person2# 은 이에 동의합니다.                               "
test_441, #Person1# 은 #Person2# 에게 명함을 인쇄하는 데 필요한 서류를 작성해달라고 요청합니다.                                              
test_442, #Person1# 은 브라이언에게 공항에서 전무님을 만나기 위한 미팅을 준비하라고 요청합니다.                                               
test_443,"  Paul은 #Person1# 에게 추수감사절 저녁을 함께 보내자고 초대했지만, #Person2# 는 참석 인원이 적다고 생각하여 거절합니다. 결국, 그들은 좋은 와인을 가져가기로 결정합니다.                       "
test_444,  존은 이번 주말에 수잔에게 사촌의 대학 인터뷰에 대해 도움을 요청합니다. 수 잔은 #Person1# 에게 눈이 올 경우 그녀를 집에 데려다주겠다고 제안합니다.                             
test_445,"  Ben은 #Person1# 에게 저녁 수업 정보를 제공하고, 꽃꽂이와 사진 강좌를 소개합니다. #Person2# 는 가격이 너무 비싸다고 느낍니다. 그들은 저녁 파티를 열기로 결정합니다.                           "
test_446, #Person1# 과 #Person2# 는 피자 익스피리언스와 킹피셔에서 점심을 먹기로 했습니다.                                           
test_447,  Gene은 운전면허 시험에 참석하기 위해 로스앤젤레스에서 일하며 운전 연습을 하고 시험도 보러 갈 예정입니다. #Person1# 은 후방 카메라와 토요타의 기능도 소개합니다.                        
test_448, #Person1# 이 #Person2# 에게 펜을 구매합니다.                                                     
test_449," #Person2# 는 #Person1# 에게 미국 암 학회를 위한 마라톤 후원이 잘 되었다고 말합니다. 이는 마라톤 경기 참가자들이 참가비로 10달러를 냈고, 후원자들에게 마일 당 1달러의 후원금을 제공했기 때문입니다.                  "
test_450," #Person1# 이 #Person2# 에게 피크 트램으로 가는 길을 안내하고, #Person1# 은 연필을 줍니다.                                       "
test_451," #Person1# 은 여사에게 백단향 부채를 추천하고, 여사는 다른 공예품을 추천합니다.                                           "
test_452, #Person2# 는 #Person1# 에게 회사의 외부 요인과 내부 요인에 대해 설명합니다.                                               
test_453, #Person1# 은 #Person2# 에게 오늘 오후 2시에 준비 회의를 시작하자고 제안합니다.                                               
test_454, #Person2# 는 #Person1# 에게 강을 따라가는 하루 코스를 추천합니다.                                                
test_455," #Person2# 는 #Person1# 에게 비프버거, 프렌치프라이, 밀크셰이크, 바나나를 주문합니다.                                    "
test_456, #Person1# 과 #Person2# 는 등불 축제에 대해 이야기하고 있습니다. #Person1# 은 축제 동안 수수께끼를 푸는 것이 전통이라고 설명합니다. 그들은 함께 큰 등불을 보기로 합니다.                          
test_457,"  Tina는 면접 첫 두 라운드를 성공적으로 통과했고, 다음 주 월요일에 최종 라운드로 갈 예정이다. #Person1# 은 그를 축하하기 위해 저녁에 카페에서 만나기로 한다.                         "
test_458,"  카렌과 팀, #Person1# 은 다시 돌아다니다가 만나기로 했습니다.                                               "
test_459," #Person1# 과 #Person2# 는 부서 회의에 참석하기 위해 문구류, 달력, 복사기를 사러 갑니다. #Person1# 은 사무실에서 일하는 것을 좋아합니다.                              "
test_460, #Person1# 은 목욕을 위해 버튼이 너무 많아 #Person2# 에게 설명서를 요청합니다.                                              
test_461, #Person2# 는 #Person1# 에게 기차에서 시간 때우기 좋은 책 추천을 요청합니다.                                             
test_462, #Person1# 은 #Person2# 에게 글을 읽지 못하는 친구에게 읽는 법을 가르치자고 제안합니다. #Person1# 는 동의하며 저녁을 준비하기로 합니다.                                  
test_463, #Person1# 은 #Person2# 에게 티켓 예약 양식을 작성하고 카드로 결제할 수 있다고 안내합니다.                                           
test_464," #Person1# 과 #Person2# 는 오늘 저녁에 냉동 피자를 오븐에 구워 먹기로 했습니다. #Person1# 은 매운 치킨 커리 레시피를 소개하고, 먼저 야채 씻고 팬을 달궈야 합니다. 닭고기는 3cm 길이로 얇게 썰어 따로 볶습니다.   "
test_465, #Person1# 은 #Person2# 에게 전화기의 종류와 사용 방법을 설명합니다.                                                 
test_467," #Person1# 은 #Person2# 에게 중고 물건에 대해 물어보고, 중고 물건이 새것만큼 좋다고 설명합니다.                                         "
test_468,  Morgan은 #Person1# 에게 중국에서는 음식을 적게 주문해서 덜 버리지 않는 전통이 있다고 설명합니다. #Person2# 는 남은 음식을 집에 가져가는 것이 더 나을 것 같다고 말합니다.                      
test_469,  해리는 #Person1# 에게 중국의 길거리 시장에서 물건을 구매할 때 항상 조심하라고 상기시킵니다.                                          
test_470," #Person1# 은 #Person2# 에게 회사 직원들이 영어를 잘해야 한다고 생각하며, #Person1# 는 영어 말하기와 쓰기에 능숙하다고 생각합니다.                                 "
test_471," #Person2# 는 #Person1# 에게 당좌예금과 저축예금을 동시에 개설하고 싶다고 말합니다. #Person2# 의 은행 계좌는 ATM 기기에서 사용할 수 있는 카드를 제공하며, 오버드래프트 최대 한도가 최대 $1000입니다.               "
test_472," #Person2# 는 #Person1# 에게 설탕 3봉지를 사면 할인 쿠폰을 받을 수 있으며, 유효기간 내에만 사용할 수 있다고 설명합니다.                                    "
test_473,  Mrs. Robinson은 Steve에게 Johnny의 부엌 청소를 도와달라고 요청합니다.                                  
test_474, #Person2# 가 기차표를 잃어버려 #Person1# 에게 도움을 요청합니다. #Person2# 는 새로운 표를 구매하고 소프트 슬리퍼를 선택합니다.                                   
test_475,"  Ann은 #Person1# 에게 '웰빙 인 더 에어' 프로그램을 추천하며, 샴페인은 미네랄워터보다 더 인기 있었다고 말합니다.                              "
test_476,  Tom과 Mary는 오늘 밤 John의 파티에 가기로 했습니다. 그들은 맥도날드에서 일하는 부매니저와 건설 회사에서 여름 동안 일할 사람들을 찾고 있습니다.                       
test_477,  해리는 끔찍한 사고를 겪었다. #Person1# 은 #Person2# 에게 차 번호를 적고 경찰에 신고할 것을 상기시킨다.                                     
test_478,"  Steven Kayne 씨는 #Person1# 에게 자신이 경주용 자전거를 좋아하고 자전거 고치는 것을 좋아했다고 설명하며, 은행에서 사업 대출을 받게 되면서 사장이 되는 것이 좋겠다고 생각했다고 말합니다. 그는 가게의 운영 시간을 결정할 수 있으며, 장사가 느리면 일찍 퇴근할 수 있다고 설명합니다. "
test_479, #Person1# 과 #Person2# 는 중년에 대해 이야기하고 있습니다. #Person1# 은 에셀에게 중년은 인생의 가장자리에 있다고 말합니다.                                     
test_480," #Person1# 은 #Person2# 에게 저녁 메뉴로 애플 크리스프, 초콜릿 무스 케이크, 두 번째 케이크를 주문하고, 커피나 차를 주문합니다.                                "
test_481," #Person1# 은 #Person2# 에게 아래층 침대를 가져오고, 창가 책상을 가져가라고 제안합니다. #Person1# 는 그것이 더 공평하다고 생각합니다. 결국 그들은 함께 가기로 결정합니다.                   "
test_482, #Person1# 은 #Person2# 에게 도서관 카드를 발급하고 면허증과 신청서를 보여줍니다.                                       
test_483," #Person2# 는 초과 근무 수당을 받지 못하지만, #Person1# 은 보너스를 받을 수 있다고 설명합니다. 그들은 점심시간, 커피 브레이크, 이메일 및 네트워크에 대한 정보를 공유합니다.                     "
test_484,"  Nick은 #Person1# 에게 기계에 비누가 들어 있는 것을 발견하고 세탁기 사용법을 설명합니다. #Person2# 는 처음에는 세탁을 시도하지 않았지만, 열아홉 살 때부터 세탁이 시작되었다고 말합니다. Alice는 엄마 역할을 해야 한다고 생각합니다. "
test_485," #Person1# 과 #Person2# 는 바빴고, 오늘 밤에 전화하기로 했습니다.                                            "
test_486,"  Katie는 #Person1# 에게 항상 일할 준비가 되어 있다고 말하며, 손님이 없을 때 직접 보석 닦고 거울 닦고, 캐셔기에 새 종이 넣고, 박스도 채우고 있다고 설명합니다.                "
test_487," #Person1# 과 #Person2# 는 할아버지 생일 깜짝 파티에 대해 이야기하고 있습니다. #Person1# 은 피자, 케이크, 샐러드, 스카프, 책을 준비할 예정입니다.                       "
test_488,"  Gian Luca Donatelli는 이탈리아 서비스 공급업체에서 프리랜서로 일하고 있으며, 로버트는 Gina를 소개해 줍니다.                       "
test_489,  Kathy는 #Person1# 에게 시골의 시끄러운 소리와 새 배설물에 대해 설명합니다.                                   
test_490, #Person1# 은 Danny's에 와서 칠면조 샌드위치를 주문합니다. #Person2# 는 #Person1# 에게 채소 소고기 수프와 다이어트 콜라를 제공합니다.                    
test_491,  James는 #Person1# 에게 David가 빌려준 재킷을 입고 시골에 가서 사진을 찍고 싶다고 말합니다. #Person2# 는 카메라가 너무 무겁다고 생각하여 쿠키를 가져가기로 합니다.            
test_492," #Person1# 은 테드에게 올해 어디로 휴가를 갈지 묻고, 테드는 장인어른과 장모님이 함께 있는 것이 불편하다고 말합니다.                            "
test_493, #Person1# 은 #Person2# 에게 오늘 오후에 영화관에 가자고 제안합니다. #Person1# 는 영화를 보고 나서 맥도날드에 가기로 합니다.                              
test_494, #Person2# 는 #Person1# 에게 도둑들이 가구를 전부 훔쳐갔다고 말합니다.                                          
test_495,  Jack과 Charlie는 학교 후 비디오 게임을 하기로 결정한다.                                         
test_496, #Person2# 는 #Person1# 에게 시골 음악에 관심을 갖게 된 계기와 라디오 방송국에서 일하게 된 이유를 설명합니다.                                   
test_497, #Person1# 은 Alice에게 세탁기에 비누가 들어 있지 않다고 설명합니다. #Person2# 는 #Person1# 에게 기계가 너무 많이 사용하면 세균이 번식할 수 있다고 경고합니다.                   
test_498,"  Steve는 Matthew에게 집을 찾고 있다고 말하고, Mrs. Thou는 그녀의 딸이 출산하여 함께 살려고 이사를 갔다고 전한다. Mevis는 Stake에게 아파트를 보여줄 수 있는지 물어보고 다시 연락하겠다고 한다.    "
test_499,  Frank는 승진하여 친구들을 초대하여 큰 파티를 열 계획이다. Betsy는 파티에 참석하고 싶다고 한다.                              
